"","constituency","code","vaxed","pop","per_vax","lab_share"
"1","ALDERSHOT","E14000530",76180,119665,0.636610537751222,0.24
"2","ALDRIDGE-BROWNHILLS","E14000531",55819,80906,0.689924109460361,0.2
"3","ALTRINCHAM AND SALE WEST","E14000532",69957,109818,0.637026716931651,0.37
"4","AMBER VALLEY","E14000533",64245,93410,0.687774328230382,0.27
"5","ARUNDEL AND SOUTH DOWNS","E14000534",77802,109130,0.712929533583799,0.16
"6","ASHFIELD","E14000535",72526,109170,0.664340020152056,0.24
"7","ASHFORD","E14000536",83303,135038,0.616885617381774,0.22
"8","ASHTON-UNDER-LYNE","E14000537",59878,102783,0.582567156047206,0.48
"9","AYLESBURY","E14000538",79848,129939,0.614503728672685,0.25
"10","BANBURY","E14000539",89247,145581,0.613040163208111,0.28
"11","BARKING","E14000540",69003,166409,0.414659062911261,0.61
"12","BARNSLEY CENTRAL","E14000541",61017,96165,0.634503197629075,0.4
"13","BARNSLEY EAST","E14000542",64171,98635,0.650590561159832,0.38
"14","BARROW AND FURNESS","E14000543",61578,90507,0.680367264410488,0.39
"15","BASILDON AND BILLERICAY","E14000544",62381,104086,0.599321714735891,0.21
"16","BASINGSTOKE","E14000545",78495,126130,0.622334099738365,0.28
"17","BASSETLAW","E14000546",76884,115285,0.666903760246346,0.28
"18","BATH","E14000547",60099,104657,0.574247303094872,0.13
"19","BATLEY AND SPEN","E14000548",69681,115525,0.603168145423069,0.43
"20","BATTERSEA","E14000549",75977,149615,0.507816729605989,0.46
"21","BEACONSFIELD","E14000550",72784,110756,0.657156271443534,0.1
"22","BECKENHAM","E14000551",62238,100374,0.620060971964851,0.26
"23","BEDFORD","E14000552",68240,121903,0.559789340705315,0.43
"24","BERMONDSEY AND OLD SOUTHWARK","E14000553",85095,181542,0.468734507717222,0.54
"25","BERWICK-UPON-TWEED","E14000554",58372,78363,0.744892359914756,0.22
"26","BETHNAL GREEN AND BOW","E14000555",83644,183112,0.456791471886059,0.73
"27","BEVERLEY AND HOLDERNESS","E14000556",74240,104533,0.710206346321257,0.24
"28","BEXHILL AND BATTLE","E14000557",77079,110007,0.700673593498596,0.2
"29","BEXLEYHEATH AND CRAYFORD","E14000558",58518,99135,0.590285973672265,0.3
"30","BIRKENHEAD","E14000559",56710,96090,0.590175876782183,0.59
"31","BIRMINGHAM, EDGBASTON","E14000560",60715,121929,0.49795372716909,0.5
"32","BIRMINGHAM, ERDINGTON","E14000561",56012,116140,0.482280006888238,0.5
"33","BIRMINGHAM, HALL GREEN","E14000562",61311,139508,0.439480173180033,0.68
"34","BIRMINGHAM, HODGE HILL","E14000563",56266,153635,0.366231652943665,0.79
"35","BIRMINGHAM, LADYWOOD","E14000564",60024,173073,0.346813194432407,0.79
"36","BIRMINGHAM, NORTHFIELD","E14000565",63554,113606,0.559424678274035,0.43
"37","BIRMINGHAM, PERRY BARR","E14000566",55971,131339,0.426156739430025,0.63
"38","BIRMINGHAM, SELLY OAK","E14000567",63330,118015,0.536626699995763,0.56
"39","BIRMINGHAM, YARDLEY","E14000568",59920,126825,0.472462054011433,0.55
"40","BISHOP AUCKLAND","E14000569",64149,94265,0.680517689492388,0.36
"41","BLACKBURN","E14000570",64574,124999,0.516596132769062,0.65
"42","BLACKLEY AND BROUGHTON","E14000571",65519,151714,0.431858628735647,0.62
"43","BLACKPOOL NORTH AND CLEVELEYS","E14000572",58257,88556,0.657854916662903,0.36
"44","BLACKPOOL SOUTH","E14000573",53939,88989,0.60613109485442,0.38
"45","BLAYDON","E14000574",62054,90351,0.68681032860732,0.43
"46","BLYTH VALLEY","E14000575",60799,87851,0.692069526812444,0.41
"47","BOGNOR REGIS AND LITTLEHAMPTON","E14000576",74377,116118,0.640529461409945,0.2
"48","BOLSOVER","E14000577",70299,103422,0.679729651331438,0.36
"49","BOLTON NORTH EAST","E14000578",64343,109560,0.587285505659,0.45
"50","BOLTON SOUTH EAST","E14000579",64823,121191,0.534882953354622,0.53
"51","BOLTON WEST","E14000580",68843,104456,0.659062188864211,0.37
"52","BOOTLE","E14000581",62391,106804,0.584163514475113,0.79
"53","BOSTON AND SKEGNESS","E14000582",73414,123533,0.59428654691459,0.15
"54","BOSWORTH","E14000583",74456,110250,0.675337868480726,0.17
"55","BOURNEMOUTH EAST","E14000584",68273,119373,0.571930000921481,0.33
"56","BOURNEMOUTH WEST","E14000585",66838,115970,0.576338708286626,0.31
"57","BRACKNELL","E14000586",76798,121648,0.631313297382612,0.22
"58","BRADFORD EAST","E14000587",59877,134045,0.446693274646574,0.63
"59","BRADFORD SOUTH","E14000588",62232,115225,0.540091126057713,0.46
"60","BRADFORD WEST","E14000589",57248,141713,0.403971406998652,0.76
"61","BRAINTREE","E14000590",68815,104996,0.655405920225532,0.19
"62","BRENT CENTRAL","E14000591",81309,190294,0.427280944223149,0.65
"63","BRENT NORTH","E14000592",87455,182696,0.478691378026886,0.52
"64","BRENTFORD AND ISLEWORTH","E14000593",89594,174642,0.513015196802602,0.5
"65","BRENTWOOD AND ONGAR","E14000594",66575,103675,0.64215095249578,0.14
"66","BRIDGWATER AND WEST SOMERSET","E14000595",82631,122042,0.677070188951345,0.2
"67","BRIGG AND GOOLE","E14000596",62693,91073,0.688381847528905,0.21
"68","BRIGHTON, KEMPTOWN","E14000597",62542,104352,0.599336859858939,0.52
"69","BRIGHTON, PAVILION","E14000598",67985,126192,0.538742551033346,0.23
"70","BRISTOL EAST","E14000599",65818,113970,0.577502851627621,0.53
"71","BRISTOL NORTH WEST","E14000600",71276,121596,0.58617059771703,0.49
"72","BRISTOL SOUTH","E14000601",74642,126261,0.591172254298635,0.51
"73","BRISTOL WEST","E14000602",82846,162005,0.511379278417333,0.62
"74","BROADLAND","E14000603",74453,103099,0.722150554321574,0.21
"75","BROMLEY AND CHISLEHURST","E14000604",60496,103846,0.582554937118425,0.29
"76","BROMSGROVE","E14000605",71386,103712,0.688309935205184,0.21
"77","BROXBOURNE","E14000606",65506,110940,0.590463313502794,0.23
"78","BROXTOWE","E14000607",68729,105035,0.654343790165183,0.39
"79","BUCKINGHAM","E14000608",77809,116952,0.665307134550927,0.12
"80","BURNLEY","E14000609",56203,98431,0.570988814499497,0.37
"81","BURTON","E14000610",71294,119324,0.597482484663605,0.31
"82","BURY NORTH","E14000611",60081,97425,0.616689761354888,0.46
"83","BURY SOUTH","E14000612",65432,109301,0.598640451596966,0.43
"84","BURY ST EDMUNDS","E14000613",84459,121986,0.692366337120653,0.21
"85","CALDER VALLEY","E14000614",74401,108953,0.682872431231816,0.42
"86","CAMBERWELL AND PECKHAM","E14000615",72588,156112,0.464973864917495,0.71
"87","CAMBORNE AND REDRUTH","E14000616",64841,100579,0.644677318326887,0.36
"88","CAMBRIDGE","E14000617",84067,170695,0.492498315709306,0.48
"89","CANNOCK CHASE","E14000618",69816,102525,0.680965618141917,0.25
"90","CANTERBURY","E14000619",74003,126720,0.583988320707071,0.48
"91","CARLISLE","E14000620",60093,91042,0.660057995211002,0.36
"92","CARSHALTON AND WALLINGTON","E14000621",64401,111827,0.575898486054352,0.12
"93","CASTLE POINT","E14000622",63442,94807,0.669169997995929,0.17
"94","CENTRAL DEVON","E14000623",69586,99305,0.7007300740144,0.25
"95","CENTRAL SUFFOLK AND NORTH IPSWICH","E14000624",75703,107589,0.703631412133211,0.21
"96","CHARNWOOD","E14000625",73647,107871,0.682732152293017,0.23
"97","CHATHAM AND AYLESFORD","E14000626",62144,107472,0.578234330802442,0.24
"98","CHEADLE","E14000627",68223,101587,0.67157214997982,0.12
"99","CHELMSFORD","E14000628",74380,119212,0.623930476797638,0.18
"100","CHELSEA AND FULHAM","E14000629",66977,136289,0.491433644681522,0.23
"101","CHELTENHAM","E14000630",75974,114917,0.66112063489301,0.05
"102","CHESHAM AND AMERSHAM","E14000631",67774,103204,0.656699352738266,0.13
"103","CHESTERFIELD","E14000632",67789,96496,0.702505803349362,0.4
"104","CHICHESTER","E14000633",81456,121361,0.671187613813334,0.15
"105","CHINGFORD AND WOODFORD GREEN","E14000634",58934,105671,0.557712144296922,0.46
"106","CHIPPENHAM","E14000635",71640,105337,0.680102907810171,0.11
"107","CHIPPING BARNET","E14000636",73721,128684,0.572883963818346,0.43
"108","CHORLEY","E14000637",72330,108498,0.666648233147155,NA
"109","CHRISTCHURCH","E14000638",67683,92401,0.732492072596617,0.13
"110","CITIES OF LONDON AND WESTMINSTER","E14000639",71233,148699,0.479041553742796,0.27
"111","CITY OF CHESTER","E14000640",64641,105768,0.611158384388473,0.5
"112","CITY OF DURHAM","E14000641",66308,111996,0.592056859173542,0.42
"113","CLACTON","E14000642",66396,95930,0.692129677890128,0.16
"114","CLEETHORPES","E14000643",66486,98204,0.677019266017677,0.23
"115","COLCHESTER","E14000644",77259,134380,0.574929304956095,0.33
"116","COLNE VALLEY","E14000645",78216,117938,0.663195916498499,0.4
"117","CONGLETON","E14000646",75985,106997,0.710160097946671,0.27
"118","COPELAND","E14000647",57765,79666,0.725089749705018,0.4
"119","CORBY","E14000648",78884,136555,0.577672000292922,0.38
"120","COVENTRY NORTH EAST","E14000649",71490,144508,0.494713095468763,0.53
"121","COVENTRY NORTH WEST","E14000650",66718,117534,0.56764851021832,0.44
"122","COVENTRY SOUTH","E14000651",68811,141924,0.484844001014628,0.43
"123","CRAWLEY","E14000652",71986,125624,0.573027446984653,0.37
"124","CREWE AND NANTWICH","E14000653",73080,120061,0.608690582287337,0.37
"125","CROYDON CENTRAL","E14000654",67782,139214,0.486890686281552,0.5
"126","CROYDON NORTH","E14000655",75784,176436,0.429526853930037,0.66
"127","CROYDON SOUTH","E14000656",75001,130784,0.573472290188402,0.31
"128","DAGENHAM AND RAINHAM","E14000657",60881,124917,0.487371614752195,0.45
"129","DARLINGTON","E14000658",59672,97303,0.613259611728313,0.41
"130","DARTFORD","E14000659",72668,126261,0.575537972929091,0.28
"131","DAVENTRY","E14000660",75300,112618,0.668632012644515,0.19
"132","DENTON AND REDDISH","E14000661",58541,93187,0.628209943447047,0.5
"133","DERBY NORTH","E14000662",69164,111885,0.618170442865442,0.4
"134","DERBY SOUTH","E14000663",67637,132782,0.509383802021358,0.51
"135","DERBYSHIRE DALES","E14000664",62168,84163,0.738661882299823,0.24
"136","DEVIZES","E14000665",73384,114840,0.639010797631487,0.15
"137","DEWSBURY","E14000666",73175,120269,0.608427774405707,0.44
"138","DON VALLEY","E14000667",72125,106813,0.675245522548753,0.35
"139","DONCASTER CENTRAL","E14000668",69199,118478,0.58406624014585,0.4
"140","DONCASTER NORTH","E14000669",66350,104427,0.635372078102406,0.39
"141","DOVER","E14000670",70053,105646,0.663091834996119,0.33
"142","DUDLEY NORTH","E14000671",54632,90800,0.601674008810573,0.32
"143","DUDLEY SOUTH","E14000672",54256,84029,0.645681847933452,0.25
"144","DULWICH AND WEST NORWOOD","E14000673",68245,135692,0.502940482858238,0.66
"145","EALING CENTRAL AND ACTON","E14000674",79136,164379,0.481424026183393,0.51
"146","EALING NORTH","E14000675",71297,149609,0.476555554812879,0.57
"147","EALING, SOUTHALL","E14000676",68136,138409,0.492280126292365,0.61
"148","EASINGTON","E14000677",56156,85842,0.654178607208593,0.46
"149","EAST DEVON","E14000678",80567,114883,0.701296101250838,0.05
"150","EAST HAM","E14000679",86505,209801,0.412319293044361,0.76
"151","EAST HAMPSHIRE","E14000680",73871,107035,0.690157425141309,0.11
"152","EAST SURREY","E14000681",80147,122651,0.653455740271176,0.14
"153","EAST WORTHING AND SHOREHAM","E14000682",69803,104092,0.670589478538216,0.37
"154","EAST YORKSHIRE","E14000683",76949,108136,0.711594658578087,0.21
"155","EASTBOURNE","E14000684",76600,117159,0.653812340494542,0.07
"156","EASTLEIGH","E14000685",76558,118020,0.648686663277411,0.13
"157","EDDISBURY","E14000686",68602,101818,0.673770846019368,0.22
"158","EDMONTON","E14000687",60843,136896,0.444446879382889,0.65
"159","ELLESMERE PORT AND NESTON","E14000688",61398,96005,0.639529191187959,0.53
"160","ELMET AND ROTHWELL","E14000689",76011,109564,0.693758898908401,0.28
"161","ELTHAM","E14000690",57830,105497,0.548167246461985,0.47
"162","ENFIELD NORTH","E14000691",62073,119362,0.52003987868836,0.52
"163","ENFIELD, SOUTHGATE","E14000692",64280,116810,0.550295351425392,0.49
"164","EPPING FOREST","E14000693",64139,108801,0.589507449380061,0.2
"165","EPSOM AND EWELL","E14000694",76777,120871,0.635197855565024,0.17
"166","EREWASH","E14000695",66447,98849,0.672207103764327,0.35
"167","ERITH AND THAMESMEAD","E14000696",63423,131510,0.482267508174283,0.48
"168","ESHER AND WALTON","E14000697",80546,131327,0.613323992781378,0.05
"169","EXETER","E14000698",74116,125438,0.590857634847494,0.53
"170","FAREHAM","E14000699",72559,103159,0.703370525111721,0.18
"171","FAVERSHAM AND MID KENT","E14000700",69174,109267,0.633073114481042,0.2
"172","FELTHAM AND HESTON","E14000701",85540,174961,0.488908956853242,0.52
"173","FILTON AND BRADLEY STOKE","E14000702",71312,115856,0.61552271785665,0.38
"174","FINCHLEY AND GOLDERS GREEN","E14000703",77508,150613,0.514616932137332,0.24
"175","FOLKESTONE AND HYTHE","E14000704",82689,121807,0.678852611097884,0.24
"176","FOREST OF DEAN","E14000705",60511,94778,0.638449851231298,0.29
"177","FYLDE","E14000706",65540,92815,0.706135861660292,0.25
"178","GAINSBOROUGH","E14000707",70779,100984,0.700893210805672,0.21
"179","GARSTON AND HALEWOOD","E14000708",63921,109988,0.581163399643598,0.72
"180","GATESHEAD","E14000709",59554,100498,0.592588907241935,0.54
"181","GEDLING","E14000710",65327,99300,0.657875125881168,0.44
"182","GILLINGHAM AND RAINHAM","E14000711",63677,107669,0.591414427551106,0.28
"183","GLOUCESTER","E14000712",79166,127353,0.621626502712932,0.35
"184","GOSPORT","E14000713",67433,101993,0.661153216397204,0.19
"185","GRANTHAM AND STAMFORD","E14000714",80477,118037,0.68179469149504,0.19
"186","GRAVESHAM","E14000715",65702,115854,0.567110328516926,0.29
"187","GREAT GRIMSBY","E14000716",53537,91859,0.582817143665836,0.33
"188","GREAT YARMOUTH","E14000717",70278,109207,0.643530176637029,0.25
"189","GREENWICH AND WOOLWICH","E14000718",75675,152834,0.495145059345434,0.57
"190","GUILDFORD","E14000719",73646,121247,0.607404719292024,0.08
"191","HACKNEY NORTH AND STOKE NEWINGTON","E14000720",72503,168194,0.431067695637181,0.7
"192","HACKNEY SOUTH AND SHOREDITCH","E14000721",74732,160715,0.46499704445758,0.73
"193","HALESOWEN AND ROWLEY REGIS","E14000722",58112,93727,0.620013443298089,0.32
"194","HALIFAX","E14000723",64945,113955,0.569917950068009,0.46
"195","HALTEMPRICE AND HOWDEN","E14000724",67612,94548,0.715107670178111,0.22
"196","HALTON","E14000725",64758,103944,0.623008543061649,0.64
"197","HAMMERSMITH","E14000726",72708,162065,0.448634807021874,0.58
"198","HAMPSTEAD AND KILBURN","E14000727",83119,171883,0.483578946143598,0.49
"199","HARBOROUGH","E14000728",76357,114092,0.669258142551625,0.25
"200","HARLOW","E14000729",62517,111892,0.558726271762056,0.31
"201","HARROGATE AND KNARESBOROUGH","E14000730",74081,113129,0.654836514068011,0.1
"202","HARROW EAST","E14000731",68080,132612,0.513377371580249,0.38
"203","HARROW WEST","E14000732",70773,136786,0.517399441463308,0.52
"204","HARTLEPOOL","E14000733",59242,97842,0.605486396435069,0.38
"205","HARWICH AND NORTH ESSEX","E14000734",69163,103710,0.666888438916209,0.22
"206","HASTINGS AND RYE","E14000735",72807,117294,0.620722287585043,0.42
"207","HAVANT","E14000736",66788,99764,0.669459925424001,0.18
"208","HAYES AND HARLINGTON","E14000737",74648,153643,0.485853569638708,0.56
"209","HAZEL GROVE","E14000738",58342,85431,0.682913696433379,0.12
"210","HEMEL HEMPSTEAD","E14000739",69141,114697,0.602814371779558,0.28
"211","HEMSWORTH","E14000740",67689,106969,0.63279080855201,0.38
"212","HENDON","E14000741",81666,170666,0.478513587943703,0.41
"213","HENLEY","E14000742",76575,111578,0.686291204359282,0.1
"214","HEREFORD AND SOUTH HEREFORDSHIRE","E14000743",64458,102874,0.626572311760017,0.22
"215","HERTFORD AND STORTFORD","E14000744",78718,123678,0.636475363443781,0.23
"216","HERTSMERE","E14000745",71698,118819,0.603422011631136,0.22
"217","HEXHAM","E14000746",59406,80224,0.740501595532509,0.32
"218","HEYWOOD AND MIDDLETON","E14000747",69451,117284,0.592160908563828,0.42
"219","HIGH PEAK","E14000748",67207,95890,0.700876003754302,0.45
"220","HITCHIN AND HARPENDEN","E14000749",72528,111254,0.651913639060169,0.17
"221","HOLBORN AND ST PANCRAS","E14000750",82965,179414,0.462422107527841,0.65
"222","HORNCHURCH AND UPMINSTER","E14000751",71477,119124,0.600021825996441,0.23
"223","HORNSEY AND WOOD GREEN","E14000752",79977,152503,0.524429027625686,0.58
"224","HORSHAM","E14000753",82307,124412,0.661568015947015,0.15
"225","HOUGHTON AND SUNDERLAND SOUTH","E14000754",63929,93353,0.684809272331901,0.41
"226","HOVE","E14000755",69894,115579,0.604729232819111,0.58
"227","HUDDERSFIELD","E14000756",59745,107501,0.555762271978865,0.49
"228","HUNTINGDON","E14000757",85099,130509,0.652054647572198,0.22
"229","HYNDBURN","E14000758",57453,98742,0.581849668833931,0.42
"230","ILFORD NORTH","E14000759",66423,126054,0.526940834880289,0.51
"231","ILFORD SOUTH","E14000760",78099,175930,0.443920877621781,0.66
"232","IPSWICH","E14000761",71977,128098,0.561890115380412,0.39
"233","ISLE OF WIGHT","E14000762",103879,147714,0.703244106855139,0.24
"234","ISLINGTON NORTH","E14000763",67071,134305,0.499393172257176,0.64
"235","ISLINGTON SOUTH AND FINSBURY","E14000764",68998,144830,0.476406821791065,0.56
"236","JARROW","E14000765",58018,87284,0.664703725768755,0.45
"237","KEIGHLEY","E14000766",65984,105326,0.62647399502497,0.44
"238","KENILWORTH AND SOUTHAM","E14000767",65145,94052,0.692648747501382,0.18
"239","KENSINGTON","E14000768",67189,149745,0.448689438712478,0.38
"240","KETTERING","E14000769",69056,111119,0.621459876348779,0.26
"241","KINGSTON AND SURBITON","E14000770",82693,143593,0.575884618330977,0.11
"242","KINGSTON UPON HULL EAST","E14000771",58147,96331,0.603616696598188,0.39
"243","KINGSTON UPON HULL NORTH","E14000772",57583,106624,0.540056647659064,0.5
"244","KINGSTON UPON HULL WEST AND HESSLE","E14000773",54145,96184,0.562931464692672,0.43
"245","KINGSWOOD","E14000774",63852,94992,0.672182920667004,0.33
"246","KNOWSLEY","E14000775",67415,120618,0.558913263360361,0.81
"247","LANCASTER AND FLEETWOOD","E14000776",61928,102401,0.604759719143368,0.47
"248","LEEDS CENTRAL","E14000777",75039,185587,0.404333277654146,0.62
"249","LEEDS EAST","E14000778",58264,119937,0.485788372228753,0.5
"250","LEEDS NORTH EAST","E14000779",60921,106763,0.570619034684301,0.58
"251","LEEDS NORTH WEST","E14000780",56245,91605,0.613994869275695,0.49
"252","LEEDS WEST","E14000781",59075,107484,0.549616687134829,0.55
"253","LEICESTER EAST","E14000782",78338,140291,0.558396475896529,0.51
"254","LEICESTER SOUTH","E14000783",71556,148948,0.480409270349384,0.67
"255","LEICESTER WEST","E14000784",59595,124535,0.478540169430281,0.5
"256","LEIGH","E14000785",70680,111372,0.63462988902058,0.41
"257","LEWES","E14000786",66545,96339,0.69073791507074,0.06
"258","LEWISHAM EAST","E14000787",58497,122643,0.476969741444681,0.6
"259","LEWISHAM WEST AND PENGE","E14000788",64565,123783,0.521598280862477,0.61
"260","LEWISHAM, DEPTFORD","E14000789",70935,152393,0.465474135951126,0.71
"261","LEYTON AND WANSTEAD","E14000790",60008,131201,0.457374562693882,0.65
"262","LICHFIELD","E14000791",71978,102769,0.700386303262657,0.21
"263","LINCOLN","E14000792",71675,122499,0.585106817198508,0.41
"264","LIVERPOOL, RIVERSIDE","E14000793",69864,147206,0.474600220099724,0.78
"265","LIVERPOOL, WALTON","E14000794",56234,105088,0.535113428745432,0.85
"266","LIVERPOOL, WAVERTREE","E14000795",55663,108224,0.5143313867534,0.72
"267","LIVERPOOL, WEST DERBY","E14000796",57403,104197,0.55090837548106,0.78
"268","LOUGHBOROUGH","E14000797",71781,116070,0.61842853450504,0.38
"269","LOUTH AND HORNCASTLE","E14000798",76327,105530,0.723273002937553,0.18
"270","LUDLOW","E14000799",64091,87366,0.733592015200421,0.15
"271","LUTON NORTH","E14000800",57921,118995,0.486751544182529,0.55
"272","LUTON SOUTH","E14000801",62113,141300,0.439582448690729,0.52
"273","MACCLESFIELD","E14000802",69611,100633,0.691731340613914,0.33
"274","MAIDENHEAD","E14000803",76126,117477,0.648007695123301,0.14
"275","MAIDSTONE AND THE WEALD","E14000804",71148,117018,0.608009024252679,0.18
"276","MAKERFIELD","E14000805",68879,103385,0.666237848817527,0.45
"277","MALDON","E14000806",67347,98222,0.685661053531795,0.12
"278","MANCHESTER CENTRAL","E14000807",82312,193864,0.424586307927207,0.7
"279","MANCHESTER, GORTON","E14000808",64577,147169,0.438794854894713,0.78
"280","MANCHESTER, WITHINGTON","E14000809",63692,113052,0.56338676007501,0.68
"281","MANSFIELD","E14000810",73809,116690,0.632522067015168,0.31
"282","MEON VALLEY","E14000811",70936,100889,0.703109357809077,0.1
"283","MERIDEN","E14000812",76603,121679,0.629549881244915,0.21
"284","MID BEDFORDSHIRE","E14000813",83877,126685,0.662091013142835,0.22
"285","MID DERBYSHIRE","E14000814",64094,87736,0.730532506610741,0.28
"286","MID DORSET AND NORTH POOLE","E14000815",60942,88270,0.690404440919905,0.07
"287","MID NORFOLK","E14000816",79776,115132,0.692909008789911,0.22
"288","MID SUSSEX","E14000817",80467,120931,0.665395969602501,0.18
"289","MID WORCESTERSHIRE","E14000818",76500,112898,0.677602791900654,0.17
"290","MIDDLESBROUGH","E14000819",54530,111940,0.487135965695909,0.51
"291","MIDDLESBROUGH SOUTH AND EAST CLEVELAND","E14000820",65023,100247,0.648627889113889,0.35
"292","MILTON KEYNES NORTH","E14000821",84678,152706,0.554516521944128,0.4
"293","MILTON KEYNES SOUTH","E14000822",90135,156869,0.574587713314932,0.39
"294","MITCHAM AND MORDEN","E14000823",65308,133211,0.490259813378775,0.61
"295","MOLE VALLEY","E14000824",70232,104658,0.671061935064687,0.05
"296","MORECAMBE AND LUNESDALE","E14000825",63516,95681,0.663830854610633,0.39
"297","MORLEY AND OUTWOOD","E14000826",72485,108034,0.670946183608864,0.35
"298","NEW FOREST EAST","E14000827",68050,96250,0.707012987012987,0.15
"299","NEW FOREST WEST","E14000828",66103,89251,0.740641561439088,0.13
"300","NEWARK","E14000829",73435,109685,0.669508136937594,0.24
"301","NEWBURY","E14000830",77348,120237,0.643296156757071,0.07
"302","NEWCASTLE-UNDER-LYME","E14000834",61398,93932,0.6536430609377,0.36
"303","NEWCASTLE UPON TYNE CENTRAL","E14000831",57543,126264,0.455735601596655,0.58
"304","NEWCASTLE UPON TYNE EAST","E14000832",57564,105826,0.543949502012738,0.6
"305","NEWCASTLE UPON TYNE NORTH","E14000833",66709,102667,0.649760877399749,0.45
"306","NEWTON ABBOT","E14000835",70262,97874,0.71788217504138,0.18
"307","NORMANTON, PONTEFRACT AND CASTLEFORD","E14000836",79133,123701,0.639711885918465,0.38
"308","NORTH CORNWALL","E14000837",66177,96903,0.682920033435497,0.09
"309","NORTH DEVON","E14000838",71835,104778,0.685592395350169,0.09
"310","NORTH DORSET","E14000839",72457,103557,0.699682300568769,0.12
"311","NORTH DURHAM","E14000840",61906,90960,0.680584872471416,0.44
"312","NORTH EAST BEDFORDSHIRE","E14000841",84617,126823,0.667205475347532,0.22
"313","NORTH EAST CAMBRIDGESHIRE","E14000842",84211,130523,0.645181309041318,0.16
"314","NORTH EAST DERBYSHIRE","E14000843",69299,95359,0.726716932853742,0.33
"315","NORTH EAST HAMPSHIRE","E14000844",76076,111083,0.684857268889029,0.1
"316","NORTH EAST HERTFORDSHIRE","E14000845",71213,108036,0.659159909659743,0.24
"317","NORTH EAST SOMERSET","E14000846",68340,101396,0.673991084460925,0.24
"318","NORTH HEREFORDSHIRE","E14000847",64695,94518,0.684472798831969,0.13
"319","NORTH NORFOLK","E14000848",65572,89233,0.734840249683413,0.08
"320","NORTH SHROPSHIRE","E14000849",75399,114239,0.660011029508311,0.22
"321","NORTH SOMERSET","E14000850",77988,108978,0.715630677751473,0.25
"322","NORTH SWINDON","E14000851",75648,123507,0.612499696373485,0.3
"323","NORTH THANET","E14000852",70657,104392,0.676843053107518,0.27
"324","NORTH TYNESIDE","E14000853",74969,111334,0.673370219340004,0.5
"325","NORTH WARWICKSHIRE","E14000854",64734,98414,0.657772268173227,0.27
"326","NORTH WEST CAMBRIDGESHIRE","E14000855",93874,154161,0.608934814901305,0.22
"327","NORTH WEST DURHAM","E14000856",65143,96568,0.674581641951785,0.4
"328","NORTH WEST HAMPSHIRE","E14000857",78537,117482,0.668502408879658,0.16
"329","NORTH WEST LEICESTERSHIRE","E14000858",72681,106555,0.682098446811506,0.25
"330","NORTH WEST NORFOLK","E14000859",69371,104792,0.661987556302008,0.23
"331","NORTH WILTSHIRE","E14000860",68339,103667,0.659216529850386,0.1
"332","NORTHAMPTON NORTH","E14000861",56246,103853,0.541592443164858,0.39
"333","NORTHAMPTON SOUTH","E14000862",60417,118354,0.510477043445933,0.4
"334","NORWICH NORTH","E14000863",63017,97405,0.646958575021816,0.4
"335","NORWICH SOUTH","E14000864",69298,118006,0.587241326712201,0.54
"336","NOTTINGHAM EAST","E14000865",55593,120926,0.459727436614128,0.64
"337","NOTTINGHAM NORTH","E14000866",54824,110495,0.49616724738676,0.49
"338","NOTTINGHAM SOUTH","E14000867",65929,139162,0.47375720383438,0.55
"339","NUNEATON","E14000868",63992,103632,0.617492666357882,0.32
"340","OLD BEXLEY AND SIDCUP","E14000869",58602,92977,0.630284909171085,0.24
"341","OLDHAM EAST AND SADDLEWORTH","E14000870",63753,116621,0.546668267293198,0.44
"342","OLDHAM WEST AND ROYTON","E14000871",62113,118553,0.523926007777112,0.55
"343","ORPINGTON","E14000872",63444,100115,0.633711232083104,0.18
"344","OXFORD EAST","E14000873",79258,167868,0.472144780422713,0.57
"345","OXFORD WEST AND ABINGDON","E14000874",76500,128499,0.595335372259706,0.07
"346","PENDLE","E14000875",57652,102699,0.561368659870106,0.4
"347","PENISTONE AND STOCKSBRIDGE","E14000876",66080,92835,0.711800506274573,0.33
"348","PENRITH AND THE BORDER","E14000877",62368,85254,0.731555117648439,0.22
"349","PETERBOROUGH","E14000878",72118,156334,0.461307201248609,0.41
"350","PLYMOUTH, MOOR VIEW","E14000879",63608,97662,0.651307571010219,0.32
"351","PLYMOUTH, SUTTON AND DEVONPORT","E14000880",74507,126642,0.588327726978412,0.48
"352","POOLE","E14000881",69934,107198,0.652381574283102,0.21
"353","POPLAR AND LIMEHOUSE","E14000882",92590,200634,0.461487085937578,0.63
"354","PORTSMOUTH NORTH","E14000883",66065,107000,0.617429906542056,0.27
"355","PORTSMOUTH SOUTH","E14000884",64245,126260,0.508830983684461,0.49
"356","PRESTON","E14000885",57213,109818,0.520980167185707,0.62
"357","PUDSEY","E14000886",66419,101272,0.655847618295284,0.42
"358","PUTNEY","E14000887",66512,130744,0.508719329376491,0.45
"359","RAYLEIGH AND WICKFORD","E14000888",71310,104853,0.680094990129038,0.16
"360","READING EAST","E14000889",74262,139126,0.533775139082558,0.49
"361","READING WEST","E14000890",70711,123465,0.572721014052565,0.4
"362","REDCAR","E14000891",57188,91491,0.62506694647561,0.37
"363","REDDITCH","E14000892",60223,97433,0.618096538133897,0.27
"364","REIGATE","E14000893",72325,115474,0.626331468555692,0.2
"365","RIBBLE VALLEY","E14000894",74367,106403,0.698918263582794,0.27
"366","RICHMOND (YORKS)","E14000895",77512,114560,0.676606145251397,0.16
"367","RICHMOND PARK","E14000896",84382,151651,0.55642231175528,0.05
"368","ROCHDALE","E14000897",66741,124598,0.535650652498435,0.52
"369","ROCHESTER AND STROOD","E14000898",73017,121272,0.602092816148822,0.27
"370","ROCHFORD AND SOUTHEND EAST","E14000899",67536,114575,0.589447959851626,0.32
"371","ROMFORD","E14000900",63490,110907,0.572461611981209,0.27
"372","ROMSEY AND SOUTHAMPTON NORTH","E14000901",63359,101163,0.626306060516197,0.12
"373","ROSSENDALE AND DARWEN","E14000902",66511,103850,0.640452575830525,0.37
"374","ROTHER VALLEY","E14000903",71272,101892,0.699485729988615,0.32
"375","ROTHERHAM","E14000904",58783,98340,0.597752694732561,0.41
"376","RUGBY","E14000905",69463,115477,0.601531040813322,0.31
"377","RUISLIP, NORTHWOOD AND PINNER","E14000906",68180,109753,0.62121308756936,0.25
"378","RUNNYMEDE AND WEYBRIDGE","E14000907",73537,122350,0.601038005721291,0.21
"379","RUSHCLIFFE","E14000908",72894,105994,0.687718172726758,0.35
"380","RUTLAND AND MELTON","E14000909",77648,110714,0.701338584099572,0.16
"381","SAFFRON WALDEN","E14000910",81971,123978,0.661173756634242,0.13
"382","SALFORD AND ECCLES","E14000911",75498,140900,0.535826827537261,0.57
"383","SALISBURY","E14000912",70612,102824,0.686726834202132,0.18
"384","SCARBOROUGH AND WHITBY","E14000913",71547,103012,0.694550149497146,0.35
"385","SCUNTHORPE","E14000914",59187,97902,0.604553533124962,0.37
"386","SEDGEFIELD","E14000915",59375,89392,0.664209325219259,0.36
"387","SEFTON CENTRAL","E14000916",62176,88703,0.700945853015118,0.58
"388","SELBY AND AINSTY","E14000917",75057,110710,0.677960437178213,0.25
"389","SEVENOAKS","E14000918",65773,103189,0.63740321158263,0.14
"390","SHEFFIELD CENTRAL","E14000919",69406,141936,0.488995040018036,0.67
"391","SHEFFIELD SOUTH EAST","E14000920",62474,99815,0.625897911135601,0.46
"392","SHEFFIELD, BRIGHTSIDE AND HILLSBOROUGH","E14000921",62432,120673,0.517365110670987,0.57
"393","SHEFFIELD, HALLAM","E14000922",67154,97117,0.69147523090705,0.35
"394","SHEFFIELD, HEELEY","E14000923",62332,99061,0.629228455194274,0.5
"395","SHERWOOD","E14000924",71925,106914,0.672736966159717,0.3
"396","SHIPLEY","E14000925",68499,102114,0.670809095716552,0.39
"397","SHREWSBURY AND ATCHAM","E14000926",76051,112630,0.675228624700346,0.34
"398","SITTINGBOURNE AND SHEPPEY","E14000927",76125,127390,0.597574377894654,0.2
"399","SKIPTON AND RIPON","E14000928",76199,106947,0.71249310406089,0.19
"400","SLEAFORD AND NORTH HYKEHAM","E14000929",89134,124558,0.71560236998025,0.18
"401","SLOUGH","E14000930",83776,170333,0.491836578936554,0.58
"402","SOLIHULL","E14000931",70929,109012,0.650653139103952,0.2
"403","SOMERTON AND FROME","E14000932",80463,116841,0.68865381159011,0.13
"404","SOUTH BASILDON AND EAST THURROCK","E14000933",65775,109340,0.601563929028718,0.22
"405","SOUTH CAMBRIDGESHIRE","E14000934",85811,133771,0.641476852232547,0.12
"406","SOUTH DERBYSHIRE","E14000935",76084,110957,0.685707075714015,0.27
"407","SOUTH DORSET","E14000936",70552,99059,0.712222009105684,0.25
"408","SOUTH EAST CAMBRIDGESHIRE","E14000937",86290,132326,0.652101627798014,0.16
"409","SOUTH EAST CORNWALL","E14000938",68102,95271,0.714824028298223,0.2
"410","SOUTH HOLLAND AND THE DEEPINGS","E14000939",74466,115051,0.647243396406811,0.13
"411","SOUTH LEICESTERSHIRE","E14000940",76460,112879,0.677362485493316,0.22
"412","SOUTH NORFOLK","E14000941",81079,115829,0.699988776558548,0.24
"413","SOUTH NORTHAMPTONSHIRE","E14000942",86963,131462,0.661506747196909,0.21
"414","SOUTH RIBBLE","E14000943",72646,104285,0.696610250755142,0.35
"415","SOUTH SHIELDS","E14000944",54309,88774,0.611766958794242,0.46
"416","SOUTH STAFFORDSHIRE","E14000945",70734,99772,0.708956420639057,0.17
"417","SOUTH SUFFOLK","E14000946",70203,99361,0.706544821408802,0.19
"418","SOUTH SWINDON","E14000947",71412,121313,0.588659088473618,0.39
"419","SOUTH THANET","E14000948",69407,106070,0.654350900348826,0.34
"420","SOUTH WEST BEDFORDSHIRE","E14000949",73939,120910,0.611520966007774,0.26
"421","SOUTH WEST DEVON","E14000950",67645,95358,0.709379391346295,0.22
"422","SOUTH WEST HERTFORDSHIRE","E14000951",78138,120892,0.646345498461437,0.12
"423","SOUTH WEST NORFOLK","E14000952",76991,116150,0.662858372793801,0.18
"424","SOUTH WEST SURREY","E14000953",76217,115940,0.657383129204761,0.08
"425","SOUTH WEST WILTSHIRE","E14000954",72431,109692,0.660312511395544,0.21
"426","SOUTHAMPTON, ITCHEN","E14000955",66192,119035,0.556071743604822,0.41
"427","SOUTHAMPTON, TEST","E14000956",64674,125872,0.513807677640778,0.5
"428","SOUTHEND WEST","E14000957",60830,97159,0.626087135520127,0.28
"429","SOUTHPORT","E14000958",63967,96961,0.659718856034901,0.39
"430","SPELTHORNE","E14000959",69763,111402,0.626227536309941,0.22
"431","ST ALBANS","E14000960",70208,114508,0.613127467076536,0.09
"432","ST AUSTELL AND NEWQUAY","E14000961",75596,113467,0.666237760758635,0.26
"433","ST HELENS NORTH","E14000962",68941,104210,0.661558391709049,0.52
"434","ST HELENS SOUTH AND WHISTON","E14000963",70688,109946,0.642933803867353,0.59
"435","ST IVES","E14000964",62749,90623,0.692418039570528,0.07
"436","STAFFORD","E14000965",69774,105165,0.663471687348452,0.31
"437","STAFFORDSHIRE MOORLANDS","E14000966",57489,79502,0.723113883927448,0.27
"438","STALYBRIDGE AND HYDE","E14000967",63221,102472,0.616958778983527,0.45
"439","STEVENAGE","E14000968",65361,106822,0.611868341727359,0.35
"440","STOCKPORT","E14000969",58005,95893,0.604892953604538,0.52
"441","STOCKTON NORTH","E14000970",59219,97302,0.608610306057429,0.43
"442","STOCKTON SOUTH","E14000971",67485,109203,0.617977528089888,0.41
"443","STOKE-ON-TRENT CENTRAL","E14000972",53063,95669,0.554651977129478,0.43
"444","STOKE-ON-TRENT NORTH","E14000973",63958,107374,0.595656304133217,0.37
"445","STOKE-ON-TRENT SOUTH","E14000974",59727,95504,0.625387418328028,0.34
"446","STONE","E14000975",64701,89127,0.725941633848329,0.24
"447","STOURBRIDGE","E14000976",60771,92882,0.65428177687819,0.31
"448","STRATFORD-ON-AVON","E14000977",72606,105292,0.689568058352012,0.11
"449","STREATHAM","E14000978",72422,147216,0.491943810455385,0.55
"450","STRETFORD AND URMSTON","E14000979",64729,110792,0.584238934219077,0.6
"451","STROUD","E14000980",77929,112124,0.695025150725982,0.42
"452","SUFFOLK COASTAL","E14000981",79818,109025,0.732107314836047,0.21
"453","SUNDERLAND CENTRAL","E14000982",67557,107863,0.626322279187488,0.42
"454","SURREY HEATH","E14000983",78883,118275,0.666945677446629,0.09
"455","SUTTON AND CHEAM","E14000984",67106,112595,0.595994493538789,0.14
"456","SUTTON COLDFIELD","E14000985",69763,102413,0.681192817318114,0.24
"457","TAMWORTH","E14000986",65127,101585,0.641108431362898,0.24
"458","TATTON","E14000987",63619,94912,0.670294588671612,0.22
"459","TAUNTON DEANE","E14000988",85847,128267,0.669283603732839,0.07
"460","TELFORD","E14000989",61966,107237,0.577841603178008,0.34
"461","TEWKESBURY","E14000990",82135,116584,0.704513483839978,0.15
"462","THE COTSWOLDS","E14000991",78153,109661,0.712678162701416,0.12
"463","THE WREKIN","E14000992",65639,105899,0.619826438398852,0.25
"464","THIRSK AND MALTON","E14000993",76446,104906,0.728709511372086,0.19
"465","THORNBURY AND YATE","E14000994",65812,96651,0.680924149775998,0.08
"466","THURROCK","E14000995",70221,138962,0.505325196816396,0.34
"467","TIVERTON AND HONITON","E14000996",76768,109124,0.703493273706976,0.2
"468","TONBRIDGE AND MALLING","E14000997",72106,112589,0.64043556652959,0.15
"469","TOOTING","E14000998",72240,134858,0.5356745613905,0.53
"470","TORBAY","E14000999",72200,107871,0.669317981663283,0.13
"471","TORRIDGE AND WEST DEVON","E14001000",76174,106624,0.714417016806723,0.17
"472","TOTNES","E14001001",64495,92412,0.697907198199368,0.17
"473","TOTTENHAM","E14001002",71966,175546,0.409955225411003,0.76
"474","TRURO AND FALMOUTH","E14001003",71067,103788,0.684732338998728,0.38
"475","TUNBRIDGE WELLS","E14001004",70892,112582,0.629692135510117,0.15
"476","TWICKENHAM","E14001005",81056,133845,0.605596025253091,0.09
"477","TYNEMOUTH","E14001006",73389,105815,0.693559514246562,0.48
"478","UXBRIDGE AND SOUTH RUISLIP","E14001007",66227,123685,0.535448922666451,0.38
"479","VAUXHALL","E14001008",78231,164344,0.476019812101446,0.56
"480","WAKEFIELD","E14001009",66543,109132,0.609747828318,0.4
"481","WALLASEY","E14001010",59806,94651,0.631858089190817,0.64
"482","WALSALL NORTH","E14001011",61249,106441,0.575426762243872,0.31
"483","WALSALL SOUTH","E14001012",60914,115091,0.529268144337959,0.49
"484","WALTHAMSTOW","E14001013",64406,141052,0.456611746022743,0.76
"485","WANSBECK","E14001014",61133,86259,0.708714452984616,0.42
"486","WANTAGE","E14001015",88742,135525,0.654801697103855,0.15
"487","WARLEY","E14001016",55709,116866,0.476691253230195,0.59
"488","WARRINGTON NORTH","E14001017",64904,104429,0.621513181204455,0.44
"489","WARRINGTON SOUTH","E14001018",78358,121006,0.647554666710742,0.42
"490","WARWICK AND LEAMINGTON","E14001019",71105,114476,0.621134560956008,0.44
"491","WASHINGTON AND SUNDERLAND WEST","E14001020",60532,91258,0.663306230686625,0.43
"492","WATFORD","E14001021",81066,141462,0.573058489205582,0.38
"493","WAVENEY","E14001022",75483,109379,0.690105047586831,0.27
"494","WEALDEN","E14001023",75919,114426,0.663476832188489,0.15
"495","WEAVER VALE","E14001024",63253,97689,0.647493576554167,0.45
"496","WELLINGBOROUGH","E14001025",74587,123292,0.604962203549298,0.27
"497","WELLS","E14001026",78686,114665,0.686225090480966,0.07
"498","WELWYN HATFIELD","E14001027",68798,123809,0.555678504793674,0.32
"499","WENTWORTH AND DEARNE","E14001028",68467,103838,0.659363624106782,0.4
"500","WEST BROMWICH EAST","E14001029",55921,104968,0.532743312247542,0.42
"501","WEST BROMWICH WEST","E14001030",57510,105670,0.54424150657708,0.4
"502","WEST DORSET","E14001031",78514,105976,0.740865856420322,0.09
"503","WEST HAM","E14001032",97211,233112,0.417014139126257,0.7
"504","WEST LANCASHIRE","E14001033",66493,101477,0.655251929008544,0.52
"505","WEST SUFFOLK","E14001034",75044,120279,0.623916061822928,0.21
"506","WEST WORCESTERSHIRE","E14001035",72723,101854,0.71399257761109,0.17
"507","WESTMINSTER NORTH","E14001036",68494,153068,0.447474325136541,0.54
"508","WESTMORLAND AND LONSDALE","E14001037",63556,89062,0.71361523433114,0.04
"509","WESTON-SUPER-MARE","E14001038",80139,120395,0.665633954898459,0.27
"510","WIGAN","E14001039",70808,109407,0.6471980769055,0.47
"511","WIMBLEDON","E14001040",69900,126223,0.55378179887976,0.24
"512","WINCHESTER","E14001041",71797,110054,0.65237974085449,0.05
"513","WINDSOR","E14001042",74058,119057,0.622038183391149,0.15
"514","WIRRAL SOUTH","E14001043",52688,76079,0.692543277382721,0.51
"515","WIRRAL WEST","E14001044",50920,72749,0.699940892658318,0.48
"516","WITHAM","E14001045",65966,98873,0.667179108553397,0.18
"517","WITNEY","E14001046",80001,120681,0.662912968901484,0.14
"518","WOKING","E14001047",75072,123381,0.608456731587522,0.16
"519","WOKINGHAM","E14001048",79343,125968,0.629866315254668,0.1
"520","WOLVERHAMPTON NORTH EAST","E14001049",55270,101950,0.54212849435998,0.4
"521","WOLVERHAMPTON SOUTH EAST","E14001050",57883,107438,0.538757236731883,0.46
"522","WOLVERHAMPTON SOUTH WEST","E14001051",54380,98400,0.552642276422764,0.44
"523","WORCESTER","E14001052",68215,108466,0.628906754190253,0.38
"524","WORKINGTON","E14001053",59974,81743,0.733689734900848,0.39
"525","WORSLEY AND ECCLES SOUTH","E14001054",64827,114677,0.565300801381271,0.46
"526","WORTHING WEST","E14001055",74237,105872,0.701195783587729,0.29
"527","WYCOMBE","E14001056",68647,121584,0.564605540202658,0.38
"528","WYRE AND PRESTON NORTH","E14001057",71782,99924,0.718365958128177,0.28
"529","WYRE FOREST","E14001058",72633,105748,0.686849869501078,0.23
"530","WYTHENSHAWE AND SALE EAST","E14001059",68900,122258,0.5635623026714,0.53
"531","YEOVIL","E14001060",80358,119905,0.670180559609691,0.06
"532","YORK CENTRAL","E14001061",66156,113352,0.583633283929706,0.55
"533","YORK OUTER","E14001062",70705,105403,0.670806333785566,0.31
